item_id,statement_guid,property_id,wikidata_value,meta_wikidata_value,external_value,external_url,type
Q100378,Q100378$CDC57C63-B8E8-495D-887B-5CD3ADEEC6D0,P570,1579,Q1985727,1573,https://musicbrainz.org/artist/2489918b-5aec-4773-bf74-3981937b3263,statement
Q100708,Q100708$E68D18D4-1A14-4663-8BD5-8FE50D7CB837,P570,2010-01-01,Q1985727,2010-12-31,https://musicbrainz.org/artist/545b2b8e-8921-479e-98ff-9602ec3e1800,statement
Q100708,Q100708$E68D18D4-1A14-4663-8BD5-8FE50D7CB837,P570,2010-01-01,Q1985727,2010-12-31,https://musicbrainz.org/artist/545b2b8e-8921-479e-98ff-9602ec3e1800,statement
Q100727,Q100727$60AF9612-E9E3-408A-B9FB-01CD22E21C37,P570,1785-05-09,Q1985727,1785-05-05,https://musicbrainz.org/artist/a9da29fd-8c2d-47a7-b91f-66d09894d619,statement
Q100748,Q100748$48E3EB70-B3CF-4ECF-BEDB-C78C7B796F53,P570,1777-03-23,Q1985727,1777-03-26,https://musicbrainz.org/artist/73ec8d66-368b-4fdb-bdc8-04c94c5de865,statement
Q100799,Q100799$623285C4-8A41-4380-B5FA-BF7B1422F022,P570,1985-01-01,Q1985727,1985-11-02,https://musicbrainz.org/artist/d9adc5e5-92b3-4136-a066-7b794a5b4eb3,statement
Q100802,Q100802$0C70093E-8A0F-4B79-86EF-4D4A49FD0C4D,P570,1982-01-01,Q1985727,1982-12-27,https://musicbrainz.org/artist/b9ab6c8c-2611-4d6f-a771-eea89aa1e95c,statement
Q100866,Q100866$FC667E5D-F929-4ED3-88BE-E06490E6FB44,P570,2003-01-01,Q1985727,2003-10-26,https://musicbrainz.org/artist/9a8483d9-38ae-409b-b541-73b8a5d72737,statement
Q101111,Q101111$B9070EA9-092C-427D-8A52-758FA98F7857,P570,1991-01-01,Q1985727,1991-08-27,https://musicbrainz.org/artist/67efcb1a-4623-4676-970f-0f76021ea416,statement
Q101281,Q101281$ac2d6115-47f3-59fe-62af-74bccd5b155b,P570,2015-02-14,Q1985727,2015-02-13,https://musicbrainz.org/artist/29a85df2-c9af-4cd8-b4cc-b292fc39c59a,statement
Q101281,Q101281$ac2d6115-47f3-59fe-62af-74bccd5b155b,P570,2015-02-14,Q1985727,2015-02-13,https://musicbrainz.org/artist/29a85df2-c9af-4cd8-b4cc-b292fc39c59a,statement
Q101308,Q101308$2DB67981-5155-4DE5-B34D-82C4D8661E58,P570,1949-05-17,Q1985727,1949-05-18,https://musicbrainz.org/artist/a77d2df5-96de-49c2-8050-9149fdd70878,statement
Q102347,Q102347$6CABED00-9423-40E1-AFE8-6FF6CFABEED3,P570,1988-01-01,Q1985727,1988-06-13,https://musicbrainz.org/artist/0a826305-8f97-4129-84eb-2b7ffa0a7b67,statement
Q102772,Q102772$569D41A7-2816-4DFB-ABAF-620963F9D539,P570,2018-00-00,Q1985727,2018-06-15,https://musicbrainz.org/artist/4a074804-b42b-4bbd-a15c-51eee6021bfc,statement
Q1045561,Q1045561$40aba23d-492d-b0e2-25d7-849efcc8fb1b,P570,2015-11-14,Q1985727,2015-11-13,https://musicbrainz.org/artist/fb2cfdc3-1085-41fc-9d5a-24deb210347f,statement
Q105080310,Q105080310$9f003664-4726-877c-19f8-50c9a7bb20b9,P570,2020-03-19,Q1985727,2010-03-19,https://musicbrainz.org/artist/efcfd5b1-0fd4-4425-ac1d-fd23671decbf,statement
Q105204,Q105204$B68289F1-9656-4F55-881C-6DED8293D556,P570,1724-11-10,Q1985727,1724-11-30,https://musicbrainz.org/artist/99f8f003-157f-41eb-9632-0a0bdd2c9b35,statement
Q106434,q106434$A487128F-0E9D-40CC-A6FE-781D47ED5783,P570,1920-10-02,Q1985727,1920-10-20,https://musicbrainz.org/artist/e3d5cfcd-e42b-411d-add2-716a5029f59b,statement
Q107743,Q107743$F8970136-C654-41FE-B0B1-49ABD7014FD4,P570,1976-12-01,Q1985727,1976-12-02,https://musicbrainz.org/artist/4ee887bf-2c5b-4443-894b-01b0849f4021,statement
Q107883,Q107883$5E0129B9-AB7B-412D-A0C1-F7CA8ABA01B5,P570,1949-07-12,Q1985727,1949-07-02,https://musicbrainz.org/artist/4683740b-0b85-4e5d-aafb-5a0f7492e8d1,statement
Q1084691,Q1084691$C58855B8-E585-4455-AF0A-D098186AADC2,P570,2023-02-19,Q1985727,2023-02-18,https://musicbrainz.org/artist/3a244f5a-8d2f-4f45-bba8-1e620508a239,statement
Q111318,q111318$052479CF-C95B-481A-875E-30380C3B053D,P570,2013-03-13,Q1985727,2013-03-17,https://musicbrainz.org/artist/4d907d14-c42f-46af-96b8-cf83f136696c,statement
Q11291598,Q11291598$E2436086-6E46-4492-9C98-869A649F5835,P570,1985-08-07,Q1985727,1985-08-01,https://musicbrainz.org/artist/ed27ce99-db4c-41bd-8164-768ab8ab8598,statement
Q11295779,Q11295779$9E644BE7-AF59-4DE4-84ED-0430D0F1B49C,P570,2009-00-00,Q1985727,2009-04-22,https://musicbrainz.org/artist/5a7faa6b-0593-4768-9137-25cb30145576,statement
Q113160,Q113160$559B4BA9-F20E-4ACA-8A0A-80538B784EE5,P570,1750-09-17,Q1985727,1750-09-15,https://musicbrainz.org/artist/3ac46bb0-2ba8-4f3e-9c55-92c2d1ad0f2f,statement
Q1133432,Q1133432$3DF093D9-78C4-48F1-BC17-796E776CD44F,P570,1997-12-01,Q1985727,1997-10-11,https://musicbrainz.org/artist/f1c82fc8-7593-42f3-b632-f5be3e08cef8,statement
Q11852767,Q11852767$ee4873bd-4629-d40b-eeee-5ad8008017c9,P570,2013-02-05,Q1985727,2013-02-06,https://musicbrainz.org/artist/252979e5-8bef-4df9-a259-a4400d741199,statement
Q119992,Q119992$F6490734-3B9D-4C2D-86E5-AB569069BDC6,P570,1554,Q1985727,1570,https://musicbrainz.org/artist/48786943-e56a-4368-8e27-c58078550723,statement
Q1201413,Q1201413$5CABB543-3377-43D3-872C-4CAAF5884EAC,P570,2016-06-17,Q1985727,2016-06-18,https://musicbrainz.org/artist/f840c701-3fd7-427c-86a5-b50681b8dd60,statement
Q1201413,Q1201413$5CABB543-3377-43D3-872C-4CAAF5884EAC,P570,2016-06-17,Q1985727,2016-06-18,https://musicbrainz.org/artist/f840c701-3fd7-427c-86a5-b50681b8dd60,statement
Q121565,Q121565$C4EA0B15-4185-42FF-915A-69B79C15F3B2,P570,1969-12-01,Q1985727,1969-01-12,https://musicbrainz.org/artist/1a0ba40b-d298-4ef9-88d0-1ae20283c59e,statement
Q12230086,Q12230086$D9A17F05-280C-494A-A035-45DF11AE9F9D,P570,2001-00-00,Q1985727,2001-01-29,https://musicbrainz.org/artist/2678985e-0db1-4a4b-a3e5-cef126812b8f,statement
Q12319808,Q12319808$2C4FC61D-65AD-4B4E-AB95-50C0B88F1A0B,P570,1815-00-00,Q1985727,1815-07-17,https://musicbrainz.org/artist/e9e49d9c-1ec8-4ff1-90d5-870fac1d26a3,statement
Q123291,Q123291$CFFB73F4-A7CA-4961-B2B2-B1DC0E8659FF,P570,1926-03-05,Q1985727,1926-05-05,https://musicbrainz.org/artist/a51c7220-8076-4abe-bc61-ce8d93818363,statement
Q1233349,Q1233349$64AECF38-1CF5-4D1F-9DF2-DED4CAA96208,P570,2008-12-11,Q1985727,2008-12-10,https://musicbrainz.org/artist/a4483cfd-00d3-4419-b00a-a8622248e545,statement
Q123345,Q123345$B27E97C2-8A7A-4F80-8381-9AE6BA83445A,P570,1975-10-29,Q1985727,1975-10-24,https://musicbrainz.org/artist/c89ed633-0210-4fc4-adee-bd6c957aa27b,statement
Q126300,Q126300$88E9FF3F-E2EC-497C-A012-6A2A0F4EFBC3,P570,1981-08-31,Q1985727,1981-05-08,https://musicbrainz.org/artist/f135c5f6-d49d-44eb-b324-8ed01765a6da,statement
Q126300,Q126300$88E9FF3F-E2EC-497C-A012-6A2A0F4EFBC3,P570,1981-08-31,Q1985727,1981-05-08,https://musicbrainz.org/artist/f135c5f6-d49d-44eb-b324-8ed01765a6da,statement
Q1277689,Q1277689$7c28699c-46ab-23ec-2e2e-4b724112badb,P570,2014-12-00,Q1985727,2014-12-11,https://musicbrainz.org/artist/76cbb5a9-7018-4eaa-91ce-437d4f280283,statement
Q1277689,Q1277689$7c28699c-46ab-23ec-2e2e-4b724112badb,P570,2014-12-00,Q1985727,2014-12-11,https://musicbrainz.org/artist/76cbb5a9-7018-4eaa-91ce-437d4f280283,statement
Q1287372,Q1287372$2b3e0d70-4b83-3b20-8161-b7dfcc31efa7,P570,2013-03-13,Q1985727,2013-05-13,https://musicbrainz.org/artist/dac61486-075a-46d7-a1c4-76d9c218b952,statement
Q1321787,Q1321787$9B6503D4-D1C3-4B3E-9962-1A3B1EB8A7C9,P570,1991,Q1985727,1981,https://musicbrainz.org/artist/0ae92fd2-a05f-4feb-851b-3594bbeccba9,statement
Q1323104,Q1323104$027850cb-4ea9-f841-590a-c8026f95d239,P570,2014-05-30,Q1985727,2014-05-29,https://musicbrainz.org/artist/c0930dff-fdbd-44af-be1b-30cc5b2f976b,statement
Q1330220,Q1330220$1D74A1AC-08A7-48D3-9EDD-F1061970195C,P570,2007-12-14,Q1985727,2008-12-14,https://musicbrainz.org/artist/769e7b06-4a4c-489b-827a-d2aea3d569ae,statement
Q1350356,Q1350356$071A79FC-6709-4D42-91CA-C72BF8E77D99,P570,1990-08-30,Q1985727,1990-09-03,https://musicbrainz.org/artist/5741e104-57a5-483f-be90-e17469c410d0,statement
Q13583752,Q13583752$BDFB8C12-6C9A-4FD9-B99E-C80DFDBA9D73,P570,2000,Q1985727,1949,https://musicbrainz.org/artist/15f4b74a-d645-4575-becd-b78f4a5118a2,statement
Q1360683,Q1360683$97095194-E1F7-49CF-AD9A-49B9F30E7B84,P570,1992-01-22,Q1985727,1991-01-22,https://musicbrainz.org/artist/3a3fef35-8bb1-4a43-9bed-e69c96e0a90f,statement
Q1363955,Q1363955$8B0E30AA-4928-41D9-9CFF-0253964CC2A1,P570,1985-01-18,Q1985727,1985-01-21,https://musicbrainz.org/artist/37d64685-a2fe-4134-8390-fc8d961491ba,statement
Q1379528,Q1379528$CF60E3BB-2A15-43B9-92A7-B8E6C68D91A5,P570,2010-01-28,Q1985727,2010-06-28,https://musicbrainz.org/artist/59126592-0024-4ae2-b32e-9db06e5bc50c,statement
Q1397472,Q1397472$CFE9E41E-AA99-4DE6-9475-0244232F80DA,P570,1997-12-26,Q1985727,1997-12-29,https://musicbrainz.org/artist/cc6ab753-b072-4a21-98ff-133e217444d4,statement
Q1398704,Q1398704$4C7A8414-C98E-46BF-8EC1-981D0E1455F6,P570,1908-05-31,Q1985727,1908-05-29,https://musicbrainz.org/artist/c3d3202d-a4d3-4ae4-aff7-6fa1c92a45dc,statement
Q1400611,Q1400611$893DD0BC-E216-48EC-A6C1-F1FB9DBB0FBF,P570,2006-04-15,Q1985727,2006-04-16,https://musicbrainz.org/artist/d72cb572-92bb-4546-95c0-28f336f05092,statement
Q1405012,Q1405012$D2A74154-653A-4FFD-94BC-05B7A7E4650A,P570,2008-07-22,Q1985727,2008-07-29,https://musicbrainz.org/artist/7fde8bde-a40e-4a8c-9589-025681dea5f7,statement
Q1405012,Q1405012$D2A74154-653A-4FFD-94BC-05B7A7E4650A,P570,2008-07-22,Q1985727,2008-07-29,https://musicbrainz.org/artist/7fde8bde-a40e-4a8c-9589-025681dea5f7,statement
Q1412104,Q1412104$7F0E207F-EC77-485D-B4CC-EB6F66A18F5D,P570,1907-06-19,Q1985727,1907-05-19,https://musicbrainz.org/artist/898cf6e0-65a9-48b7-9ba6-cdba5c3a6f66,statement
Q1414370,Q1414370$0F8E2F48-44CD-4768-B32F-C0F413AA1939,P570,2008-02-21,Q1985727,2008-02-22,https://musicbrainz.org/artist/026d88c0-b368-40e1-8e5a-4454cf690b3c,statement
Q1440755,Q1440755$D8CA3A76-AA92-46F9-9640-DA629E42F932,P570,2013-08-15,Q1985727,2013-08-16,https://musicbrainz.org/artist/e202854b-a3f9-422f-ba03-f12a90f6cf6e,statement
Q1441058,Q1441058$586C2B89-E8CB-47EA-ACE9-CB4800752ED9,P570,1946-02-15,Q1985727,1946-02-07,https://musicbrainz.org/artist/fe782239-7537-44bb-9f13-0451a69d8ea8,statement
Q1447805,Q1447805$27B033C4-5F35-4283-AF21-2776B977A9F0,P570,1991-02-16,Q1985727,1991-12-16,https://musicbrainz.org/artist/15ff1b37-00fd-4766-baf6-9ce98811f8f3,statement
Q1453505,Q1453505$8D959412-4714-47AB-88DC-895A0E924757,P570,2000-01-01,Q1985727,1945-03-29,https://musicbrainz.org/artist/6ec9addf-c885-44e2-8349-9e081e889647,statement
Q1461133,Q1461133$A89335A9-2AE5-4686-AA6F-96C870FA942A,P570,1979-05-15,Q1985727,1979-05-25,https://musicbrainz.org/artist/eb219b30-4210-4b66-82ce-3f294fdb395a,statement
Q1468321,Q1468321$3804f9e9-4808-4c32-b659-0baf12e93834,P570,1990-02-14,Q1985727,1980-02-14,https://musicbrainz.org/artist/34f9a184-6aea-4bfc-babc-491289c662ff,statement
Q1468321,Q1468321$3804f9e9-4808-4c32-b659-0baf12e93834,P570,1990-02-14,Q1985727,1980-02-14,https://musicbrainz.org/artist/34f9a184-6aea-4bfc-babc-491289c662ff,statement
Q1476128,Q1476128$46B6FF06-CCD9-4BF6-8F11-D88C2AE82441,P570,1887-03-25,Q1985727,1887-03-27,https://musicbrainz.org/artist/ab089cd6-c0a8-40e5-81f4-0317907473ac,statement
Q1476942,Q1476942$C72B2B55-8F07-4003-A327-DCFC347ABE03,P570,1964-01-01,Q1985727,1964-04-05,https://musicbrainz.org/artist/1be86d78-6fa9-4686-aeb8-0f6932fa68c0,statement
Q1476942,Q1476942$C72B2B55-8F07-4003-A327-DCFC347ABE03,P570,1964-01-01,Q1985727,1964-04-05,https://musicbrainz.org/artist/1be86d78-6fa9-4686-aeb8-0f6932fa68c0,statement
Q1494439,Q1494439$F0933B2B-F17A-4CB8-961C-AE4DC56FD337,P570,2003-01-01,Q1985727,2003-03-27,https://musicbrainz.org/artist/241b5f4c-ef9b-4cb3-92d9-5166e69f5671,statement
Q1504576,Q1504576$43718E9A-6C85-4F5A-A2C1-774F5E3D0D87,P570,1992-04-13,Q1985727,1992-04-12,https://musicbrainz.org/artist/1d9fdf2c-7afa-4ae8-9aaf-db0d71c13cca,statement
Q1504576,Q1504576$43718E9A-6C85-4F5A-A2C1-774F5E3D0D87,P570,1992-04-13,Q1985727,1992-04-12,https://musicbrainz.org/artist/1d9fdf2c-7afa-4ae8-9aaf-db0d71c13cca,statement
Q1510675,Q1510675$41FFBB26-D8E1-4BD0-B74B-A315CED3A7E5,P570,1988-04-01,Q1985727,1988-04-28,https://musicbrainz.org/artist/74b79494-aac6-4abc-ad22-958d445b3054,statement
Q1510675,Q1510675$41FFBB26-D8E1-4BD0-B74B-A315CED3A7E5,P570,1988-04-01,Q1985727,1988-04-28,https://musicbrainz.org/artist/74b79494-aac6-4abc-ad22-958d445b3054,statement
Q1512265,Q1512265$95566BE6-DE1D-4574-9CFC-678D605A5160,P570,1969-10-23,Q1985727,1969-10-21,https://musicbrainz.org/artist/e1f8bba9-4c6e-464c-8737-ff0ad44b61b6,statement
Q1512265,Q1512265$95566BE6-DE1D-4574-9CFC-678D605A5160,P570,1969-10-23,Q1985727,1969-10-21,https://musicbrainz.org/artist/e1f8bba9-4c6e-464c-8737-ff0ad44b61b6,statement
Q1512968,Q1512968$EE8B4DF4-944A-4ADB-9678-1AADE8DEE70E,P570,1963-12-17,Q1985727,1963-02-14,https://musicbrainz.org/artist/f21efd13-8dd4-4de7-bf59-df030561069f,statement
Q1516030,Q1516030$1D09A44F-74AF-4BA5-982F-1B97E8F9AB43,P570,2001-01-01,Q1985727,2001-08-31,https://musicbrainz.org/artist/f6b281f6-d7e6-4480-a5f2-91353e8fe81d,statement
Q1526443,Q1526443$B68CCB87-97A4-4164-8C77-1FE679A6F8CB,P570,2008-03-08,Q1985727,2006-03-08,https://musicbrainz.org/artist/20c67ab3-a738-48c8-918b-d4df4fa6e679,statement
Q15431201,Q15431201$92B599D5-312F-4A18-9C81-BDAE1711C715,P570,1936-06-12,Q1985727,1936-07-12,https://musicbrainz.org/artist/7abf3e9d-ef67-41a1-bad3-bba47e5921fa,statement
Q15435644,Q15435644$D6B7C7F9-591D-46AE-98C1-7C92567550A5,P570,1585,Q1985727,1584,https://musicbrainz.org/artist/080d9780-945c-44cb-bec4-8c4c8ce5ec36,statement
Q15435644,Q15435644$D6B7C7F9-591D-46AE-98C1-7C92567550A5,P570,1585,Q1985727,1584,https://musicbrainz.org/artist/080d9780-945c-44cb-bec4-8c4c8ce5ec36,statement
Q15437529,Q15437529$1524938F-B13D-4198-ADD8-FC92671A0596,P570,2005-09-07,Q1985727,2005-09-03,https://musicbrainz.org/artist/ebdcf96e-3865-4679-a699-aee1cfd8f498,statement
Q15441102,Q15441102$0B4F8C13-B744-4246-9AE6-243CBB3175F5,P570,1950,Q1985727,1951,https://musicbrainz.org/artist/a9499173-8c3c-4a7b-950c-08ea8b7b1a7a,statement
Q15447020,Q15447020$CEF186EC-48F4-4041-AF13-5C715C1E6F67,P570,1610,Q1985727,1612,https://musicbrainz.org/artist/97fb8b04-8939-4ab2-8be3-7cd014660b2b,statement
Q1560431,Q1560431$67af9aad-430c-d5bc-f2bd-e3255c080964,P570,2015-10-04,Q1985727,2015-10-05,https://musicbrainz.org/artist/eeddcb66-c5d7-494c-8ac0-e983a4f427a5,statement
Q1564004,Q1564004$345FDECB-21AC-421B-9C33-4CB2056A9C43,P570,1967-09-23,Q1985727,1967-09-24,https://musicbrainz.org/artist/6f73a179-0fe6-4cd9-8b70-935365e68b9c,statement
Q1564004,Q1564004$345FDECB-21AC-421B-9C33-4CB2056A9C43,P570,1967-09-23,Q1985727,1967-09-24,https://musicbrainz.org/artist/6f73a179-0fe6-4cd9-8b70-935365e68b9c,statement
Q1573414,Q1573414$8a354330-40f6-29ba-42a7-58986e1a1642,P570,2022-05-15,Q1985727,2022-05-16,https://musicbrainz.org/artist/f623ecda-88e4-439b-a8be-f396015040e4,statement
Q1577761,Q1577761$A4D2CA91-8272-4719-AF42-E5DC4379569B,P570,1889-12-01,Q1985727,1889-12-14,https://musicbrainz.org/artist/5722ebc0-5733-4321-abce-1244d3123808,statement
Q1579348,Q1579348$5E64441F-490D-4F47-BF03-68E84B1C907F,P570,1970,Q1985727,1995,https://musicbrainz.org/artist/ecdf0030-79be-4c67-b6a6-3b1503d83ed2,statement
Q1579707,Q1579707$FA92BD1B-34AE-4C20-8101-E80E947F0A74,P570,2004-10-14,Q1985727,2004-10-12,https://musicbrainz.org/artist/4afe00d9-782a-4649-a897-b7e5abb4aad3,statement
Q1581233,Q1581233$81591850-187A-4935-8DEF-2CD5A67952A5,P570,1953-06-03,Q1985727,1953-06-04,https://musicbrainz.org/artist/b9ddd99d-f152-4a23-ad25-7f954c1225bb,statement
Q15815335,Q15815335$E3DBECA6-9B8B-4B12-81C1-EB4D698AE125,P570,1901,Q1985727,1913,https://musicbrainz.org/artist/b4ca0e5a-d650-445b-ab92-603bc046afc5,statement
Q1581758,Q1581758$4EC37EFF-EE48-4F08-9246-799BE9ED6893,P570,1998-09-17,Q1985727,1998-09-27,https://musicbrainz.org/artist/fd56d83b-6d11-4327-b439-a80ee6f92453,statement
Q1581758,Q1581758$4EC37EFF-EE48-4F08-9246-799BE9ED6893,P570,1998-09-17,Q1985727,1998-09-27,https://musicbrainz.org/artist/fd56d83b-6d11-4327-b439-a80ee6f92453,statement
Q1592232,Q1592232$7897A9BF-0804-499F-965C-46A46E6FDE6B,P570,1914-09-15,Q1985727,1914-11-15,https://musicbrainz.org/artist/0fd12dfe-0f14-40e9-b89c-333b0d8676b4,statement
Q1592232,Q1592232$7897A9BF-0804-499F-965C-46A46E6FDE6B,P570,1914-09-15,Q1985727,1914-11-15,https://musicbrainz.org/artist/0fd12dfe-0f14-40e9-b89c-333b0d8676b4,statement
Q1596181,Q1596181$7E062729-F32D-4572-88FE-F2BC202EB5E8,P570,1985-01-01,Q1985727,1985-08-05,https://musicbrainz.org/artist/f83ea975-6be9-457c-9de7-e802b973ad38,statement
Q1598175,Q1598175$6E990210-1662-42CD-87F6-DE77136A3DEF,P570,1936-06-18,Q1985727,1938-06-18,https://musicbrainz.org/artist/0658ef6d-59fe-4a89-806e-eb7f70e753df,statement
Q1600628,Q1600628$db323029-4dba-98b4-0572-d8c60e8a04bb,P570,2014-07-16,Q1985727,2014-07-23,https://musicbrainz.org/artist/177bcee9-32d4-4cb7-b8b9-031eeff8bb00,statement
Q1600628,Q1600628$db323029-4dba-98b4-0572-d8c60e8a04bb,P570,2014-07-16,Q1985727,2014-07-23,https://musicbrainz.org/artist/177bcee9-32d4-4cb7-b8b9-031eeff8bb00,statement
Q1603338,Q1603338$21461848-4e06-b0cd-7330-3241c2049c77,P570,2014-03-25,Q1985727,2014-04-25,https://musicbrainz.org/artist/026b36aa-1877-4a45-a429-1338b5b9cc55,statement
Q1603338,Q1603338$21461848-4e06-b0cd-7330-3241c2049c77,P570,2014-03-25,Q1985727,2014-04-25,https://musicbrainz.org/artist/026b36aa-1877-4a45-a429-1338b5b9cc55,statement
Q1609005,Q1609005$9806D7E9-3513-4681-9D66-58CFC3F97B3E,P570,2008-10-28,Q1985727,2008-10-26,https://musicbrainz.org/artist/01dd1a07-6926-4ea0-8d1c-3d6a3084bf74,statement
Q1609398,Q1609398$f4cc1e32-45cf-0f04-e4e5-d924eb0a12d3,P570,2015-06-00,Q1985727,2015-06-23,https://musicbrainz.org/artist/9aa3b1d4-62a8-43e0-be49-38751ef86086,statement
Q1655918,Q1655918$05730D8B-9DAC-45FD-8592-2D88C4B140F4,P570,2000-11-13,Q1985727,2000-11-18,https://musicbrainz.org/artist/91240b3a-856a-4db1-b1a6-a65b1186e87a,statement
Q1655918,Q1655918$05730D8B-9DAC-45FD-8592-2D88C4B140F4,P570,2000-11-13,Q1985727,2000-11-18,https://musicbrainz.org/artist/91240b3a-856a-4db1-b1a6-a65b1186e87a,statement
Q1655918,Q1655918$05730D8B-9DAC-45FD-8592-2D88C4B140F4,P570,2000-11-13,Q1985727,2000-11-18,https://musicbrainz.org/artist/91240b3a-856a-4db1-b1a6-a65b1186e87a,statement
Q1655918,Q1655918$05730D8B-9DAC-45FD-8592-2D88C4B140F4,P570,2000-11-13,Q1985727,2000-11-18,https://musicbrainz.org/artist/91240b3a-856a-4db1-b1a6-a65b1186e87a,statement
Q1689901,Q1689901$00A6A001-566B-4448-9078-31A343724ECD,P570,2002-01-01,Q1985727,2002-10-02,https://musicbrainz.org/artist/ace13c00-97cd-4089-a1d1-55cdb347d5d9,statement
Q1689901,Q1689901$00A6A001-566B-4448-9078-31A343724ECD,P570,2002-01-01,Q1985727,2002-10-02,https://musicbrainz.org/artist/ace13c00-97cd-4089-a1d1-55cdb347d5d9,statement
Q1691177,Q1691177$377b27e2-4345-2b20-562a-9179bb02b486,P570,2023,Q1985727,2021,https://musicbrainz.org/artist/6c8be0f0-d08a-44ed-a0fc-ff3e6e6d1394,statement
Q1695028,Q1695028$040c10e0-4cb0-b1db-48aa-87eead0b3ce8,P570,1900-00-00,Q1985727,1840-02-14,https://musicbrainz.org/artist/0dc1b55a-06a3-4f4f-a531-aad4762091d2,statement
Q1704705,Q1704705$D92835C8-7114-4398-9C44-905845C72E6A,P570,2003-09-24,Q1985727,2003-09-23,https://musicbrainz.org/artist/8aa80281-aa90-491a-8a65-4230e905ac7d,statement
Q1704705,Q1704705$D92835C8-7114-4398-9C44-905845C72E6A,P570,2003-09-24,Q1985727,2003-09-23,https://musicbrainz.org/artist/8aa80281-aa90-491a-8a65-4230e905ac7d,statement
Q1717213,Q1717213$688F0716-7939-4700-B3CB-5D03BE10A86D,P570,2007-08-07,Q1985727,2007-04-07,https://musicbrainz.org/artist/77f31ca5-2932-4b65-9ae8-44db9c823fbf,statement
Q1721329,Q1721329$57FB1E10-3B07-4DE1-93E5-33DD9BFDC151,P570,2013-05-28,Q1985727,2013-05-29,https://musicbrainz.org/artist/5e55bdcb-a56d-40f6-97da-93ecd9c42baf,statement
Q1721329,Q1721329$57FB1E10-3B07-4DE1-93E5-33DD9BFDC151,P570,2013-05-28,Q1985727,2013-05-29,https://musicbrainz.org/artist/5e55bdcb-a56d-40f6-97da-93ecd9c42baf,statement
Q1741969,Q1741969$D9765FDD-32F9-4031-8B8F-6DC82F9F61B7,P570,2021-02-19,Q1985727,2021-02-17,https://musicbrainz.org/artist/729f0f60-23ec-420c-a12c-649afa6eb0ca,statement
Q17505208,Q17505208$75E09A1F-628A-4342-B708-B2463EF37880,P570,1953-01-01,Q1985727,1953-05-13,https://musicbrainz.org/artist/3e9a5a33-46b2-4647-ab68-08a5f3ff3b25,statement
Q17505208,Q17505208$75E09A1F-628A-4342-B708-B2463EF37880,P570,1953-01-01,Q1985727,1953-05-13,https://musicbrainz.org/artist/3e9a5a33-46b2-4647-ab68-08a5f3ff3b25,statement
Q1768126,Q1768126$88140CC8-4171-4301-81BA-2C7159CB690E,P570,1963-06-03,Q1985727,1993-06-03,https://musicbrainz.org/artist/e17f298e-95fb-4c3f-8330-c41c785f5ff7,statement
Q1768126,Q1768126$88140CC8-4171-4301-81BA-2C7159CB690E,P570,1963-06-03,Q1985727,1993-06-03,https://musicbrainz.org/artist/e17f298e-95fb-4c3f-8330-c41c785f5ff7,statement
Q1772299,Q1772299$B2E39052-74DF-4702-A809-D12F217B37A6,P570,1996-12-02,Q1985727,1996-11-02,https://musicbrainz.org/artist/c3ddad27-c205-45ff-b7c1-a43e10f53fd8,statement
Q18927760,Q18927760$076A5A63-1F57-4506-8702-CD9BC4C3080E,P570,1981-01-01,Q1985727,1985-04-26,https://musicbrainz.org/artist/48fd7328-2062-4d57-93e7-d885807bf762,statement
Q1895372,Q1895372$C16589E6-4F6D-4E69-80C8-BD27CF0F309F,P570,2004-04-25,Q1985727,2004-06-25,https://musicbrainz.org/artist/c67b1a4a-3653-4235-a0c7-fedbd2c9141f,statement
Q1895372,Q1895372$C16589E6-4F6D-4E69-80C8-BD27CF0F309F,P570,2004-04-25,Q1985727,2004-06-25,https://musicbrainz.org/artist/c67b1a4a-3653-4235-a0c7-fedbd2c9141f,statement
Q1896183,Q1896183$66C5045F-D593-403B-8DC4-2D4919DD2221,P570,2018-05-28,Q1985727,2018-05-27,https://musicbrainz.org/artist/21cdbaaf-867f-4d45-93c4-dc63c95166f4,statement
Q1896183,Q1896183$66C5045F-D593-403B-8DC4-2D4919DD2221,P570,2018-05-28,Q1985727,2018-05-27,https://musicbrainz.org/artist/21cdbaaf-867f-4d45-93c4-dc63c95166f4,statement
Q1901893,Q1901893$A51CAFCF-E77E-4098-9AFE-736185A3073A,P570,2022-04-17,Q1985727,2022-04-24,https://musicbrainz.org/artist/40129d7e-cf23-4f79-91b0-50e2b92555e0,statement
Q1926874,Q1926874$1E8CEDB8-9F91-486C-9634-3A6FCCD10A19,P570,2018-01-00,Q1985727,2018-01-18,https://musicbrainz.org/artist/962f932c-f0c5-4842-a4a3-85e6f5854311,statement
Q1929462,Q1929462$6926B7B9-B969-490F-88A2-A12617DBBD9F,P570,2021-03-13,Q1985727,2021-03-21,https://musicbrainz.org/artist/70ea49fd-42a6-4f30-adae-8ad3949ab48d,statement
Q19310207,Q19310207$8D95F874-E52C-446D-8649-52E4A64797B8,P570,1991,Q1985727,1993,https://musicbrainz.org/artist/825c4f12-f648-48ce-b614-2f84f2786103,statement
Q1954051,Q1954051$D21BEB1C-0140-4908-B45B-549F7FD38B5A,P570,2003-07-29,Q1985727,2003-07-31,https://musicbrainz.org/artist/5b1e85ec-1e37-47c4-a909-5d710f706045,statement
Q1991425,Q1991425$e606e9ec-4f29-7c48-2b77-3db66e802639,P570,1500,Q1985727,1422,https://musicbrainz.org/artist/ca5e91da-9c21-42ea-a4c6-efab0cc1ad1c,statement
Q20085281,Q20085281$B299E608-9004-46B1-80D6-5AA67EABB923,P570,2013-01-01,Q1985727,2013-05-27,https://musicbrainz.org/artist/2fbc3a41-1939-43d4-a24c-aa4d518d76cc,statement
Q20085281,Q20085281$B299E608-9004-46B1-80D6-5AA67EABB923,P570,2013-01-01,Q1985727,2013-05-27,https://musicbrainz.org/artist/2fbc3a41-1939-43d4-a24c-aa4d518d76cc,statement
Q2055275,Q2055275$7B2EE7A7-2CD1-4E24-8A00-B90D9C6ED652,P570,2020-05-09,Q1985727,2020-05-08,https://musicbrainz.org/artist/d03b58fa-26c4-451b-bc9e-b8ea2f283796,statement
Q2055275,Q2055275$7B2EE7A7-2CD1-4E24-8A00-B90D9C6ED652,P570,2020-05-09,Q1985727,2020-05-08,https://musicbrainz.org/artist/d03b58fa-26c4-451b-bc9e-b8ea2f283796,statement
Q2059649,Q2059649$D04DC831-C361-4CAF-9A87-CEB81D42BC69,P570,1989-01-22,Q1985727,1989-01-21,https://musicbrainz.org/artist/8c2b8a3c-0690-4c88-b52e-5831384659cd,statement
Q2074885,Q2074885$E58CF561-0F4D-413B-9C39-CCDC557B8F1A,P570,2013-01-09,Q1985727,2013-01-10,https://musicbrainz.org/artist/bd302901-8f58-473f-980a-fe37ccabdf93,statement
Q2074885,Q2074885$E58CF561-0F4D-413B-9C39-CCDC557B8F1A,P570,2013-01-09,Q1985727,2013-01-10,https://musicbrainz.org/artist/bd302901-8f58-473f-980a-fe37ccabdf93,statement
Q2075569,Q2075569$146EE450-2FA9-4421-8430-F04D6EEF7271,P570,1908-01-09,Q1985727,1906-01-09,https://musicbrainz.org/artist/c5ce1187-445b-4611-b565-2c3be6cade2f,statement
Q2086039,Q2086039$2AA14D28-3EB6-4942-AD04-0847F378F28F,P570,1989-02-17,Q1985727,1987-02-17,https://musicbrainz.org/artist/05a44c07-39d8-49cb-8c32-a64f88871fd8,statement
Q2086039,Q2086039$2AA14D28-3EB6-4942-AD04-0847F378F28F,P570,1989-02-17,Q1985727,1987-02-17,https://musicbrainz.org/artist/05a44c07-39d8-49cb-8c32-a64f88871fd8,statement
Q2137366,Q2137366$2A372D2D-AAF1-4A27-85F3-51ECB87F6A35,P570,1320,Q1985727,1318,https://musicbrainz.org/artist/3963eefb-d5b7-4fad-9bb3-cb34646661c7,statement
Q214099,Q214099$7E3005BF-3D1F-4385-B72E-ACCF552079D6,P570,1843-03-10,Q1985727,1847-03-10,https://musicbrainz.org/artist/9b3d058e-cf5e-4798-8e4b-cd0d602b5eb4,statement
Q2141682,Q2141682$4d010b37-4174-b3fc-a2bf-5d497fe95fdd,P570,1273,Q1985727,1276,https://musicbrainz.org/artist/282cf7f4-ec5b-4d31-a4e6-df225de1a8cc,statement
Q2163209,Q2163209$670cb0e8-47ba-e9c5-d88e-1923c6fb579f,P570,2015-02-00,Q1985727,2015-02-10,https://musicbrainz.org/artist/ec97090e-845a-4e8f-a122-3d49f6b16826,statement
Q2165799,Q2165799$A641834E-8A0E-4ADC-9FBD-74C649DD3530,P570,1897-08-24,Q1985727,1897-10-24,https://musicbrainz.org/artist/bc4f6f2f-d2bb-42f1-8f45-86d8c930760d,statement
Q2172844,Q2172844$FB32E70D-FB48-4CBB-B48E-E5CE6BA8A58A,P570,1999-08-28,Q1985727,1999-07-28,https://musicbrainz.org/artist/9dababf5-c49a-44d4-8176-788ee2e7abb4,statement
Q2218472,Q2218472$635D9BCE-2123-4D9D-92A5-40D699AB1B85,P570,1668-01-01,Q1985727,1668-08-10,https://musicbrainz.org/artist/50f3e60b-5a89-46ba-b23d-13ffaa55797a,statement
Q22613,Q22613$DF65A6E3-430F-4AFD-9E20-32DB35AC454F,P570,1967-01-01,Q1985727,1967-04-14,https://musicbrainz.org/artist/994ee04c-e2f1-408f-98d4-0ccaecbf5f86,statement
Q23062130,Q23062130$CDA8CC3C-1C6F-4E7F-92BC-45D4198568AE,P570,2016-01-02,Q1985727,2016-09-02,https://musicbrainz.org/artist/5adacc4c-0761-4890-b70c-afefec9aab20,statement
Q24041,Q24041$0CB16258-06A2-4262-9BD8-8432D815D01A,P570,1996-01-01,Q1985727,1996-05-12,https://musicbrainz.org/artist/38c5b1a8-2e50-4648-a3f7-76c75de28a30,statement
Q2450477,Q2450477$A5BB694B-AA57-4B80-9CDD-C3AEFE1DEC4C,P570,1968-11-27,Q1985727,1968-11-22,https://musicbrainz.org/artist/5fa45bbb-e47d-4100-b7ad-f989ea762f3d,statement
Q2450477,Q2450477$A5BB694B-AA57-4B80-9CDD-C3AEFE1DEC4C,P570,1968-11-27,Q1985727,1968-11-22,https://musicbrainz.org/artist/5fa45bbb-e47d-4100-b7ad-f989ea762f3d,statement
Q2562493,Q2562493$C70AF1B6-C67B-43E6-9101-B7BA704E03A1,P570,1985-11-05,Q1985727,1985-11-06,https://musicbrainz.org/artist/372f2d4e-c9c6-44e1-8fb5-c01060d9d6f8,statement
Q2576502,Q2576502$9B74DB35-5773-453E-AA29-F6DB928EC6C6,P570,1993-02-09,Q1985727,1992-12-09,https://musicbrainz.org/artist/ed4d6129-90ac-4f32-af8c-7a01a3641471,statement
Q2645309,Q2645309$53FBE846-34E8-49CE-82E2-4F915BEF4EEB,P570,2022-07-05,Q1985727,2022-07-06,https://musicbrainz.org/artist/73748f27-2594-40cc-bf52-ed0c85297729,statement
Q3019932,Q3019932$C8BE1A8C-72AD-4566-9C85-2F1EDCD184B2,P570,1800,Q1985727,1805,https://musicbrainz.org/artist/2c3eaf26-c265-412b-962a-bdb62d8ba7c4,statement
Q309470,Q309470$20074C10-1D33-45E0-B433-CF7F8C402F13,P570,1695-02-24,Q1985727,1695-03-02,https://musicbrainz.org/artist/943c5cd8-a41a-41eb-b661-8d7c20f7328a,statement
Q31152,Q31152$4751DC7A-80DB-4964-BFCA-68232175ED26,P570,1976-04-28,Q1985727,1976-04-27,https://musicbrainz.org/artist/e2ccb640-1f3e-4887-949b-91165e1b1905,statement
Q314497,Q314497$4D471D81-1896-4C48-9467-335FEC66C1E0,P570,1474,Q1985727,1472,https://musicbrainz.org/artist/15ab746f-7459-4642-b6a2-b6454fe05d5f,statement
Q3193260,Q3193260$14C7C039-6CB1-466C-AF27-7FF376CD7BC1,P570,2002-11-14,Q1985727,2012-11-14,https://musicbrainz.org/artist/bf435c94-9a1b-4634-b157-cef5767ac8f0,statement
Q324696,Q324696$147bb14c-4fc4-d492-8824-91f34dde518b,P570,1580,Q1985727,1585,https://musicbrainz.org/artist/2874dff4-fd5b-4f40-b612-f9d8da120013,statement
Q328133,Q328133$AB6034A3-13A9-43AD-B39F-5AEA8ED312DB,P570,2008-09-08,Q1985727,2008-09-07,https://musicbrainz.org/artist/b04e4607-17ea-4dc8-9f03-9b3b3e200bcb,statement
Q328133,Q328133$AB6034A3-13A9-43AD-B39F-5AEA8ED312DB,P570,2008-09-08,Q1985727,2008-09-07,https://musicbrainz.org/artist/b04e4607-17ea-4dc8-9f03-9b3b3e200bcb,statement
Q328334,Q328334$FA717326-4F3B-4BFC-A85D-95BC008523BC,P570,1810,Q1985727,1811,https://musicbrainz.org/artist/01b828a4-81b4-4d6a-b204-bc74c6e38efc,statement
Q329470,Q329470$7D5DCE9E-079F-4352-AFDF-3968EB4F3A0F,P570,1716,Q1985727,1717,https://musicbrainz.org/artist/42856d11-95d8-4318-829f-33b4efbf3689,statement
Q3547734,Q3547734$0786d0bf-4414-9db5-668a-ace7da917667,P570,2013-07-14,Q1985727,2013-07-13,https://musicbrainz.org/artist/eddec8cd-7f08-4bf8-a255-1f0ad5bce3f6,statement
Q372593,Q372593$1D5A724E-143A-4A83-97E8-04C8FD666408,P570,1684-09-12,Q1985727,1684-09-10,https://musicbrainz.org/artist/c7315d89-4627-4fec-b1bb-9ba22df8ffa2,statement
Q373819,Q373819$660BAE78-E2C9-486D-BC62-268A8A921BAD,P570,1922-05-28,Q1985727,1922-05-22,https://musicbrainz.org/artist/61ed6967-9693-40cf-8199-f70cea0203f3,statement
Q394510,Q394510$FF81CB85-5853-46B3-B3C2-2EDEA393B85C,P570,1919-01-01,Q1985727,1919-11-12,https://musicbrainz.org/artist/d0c317ed-34e5-487f-a426-3e1554c6e4f3,statement
Q394626,Q394626$B8513FE0-C172-4CFC-8959-6F1F41944636,P570,1929-03-19,Q1985727,1929-03-29,https://musicbrainz.org/artist/7725b15c-e8c8-41d7-9b4e-52e8a102a172,statement
Q435744,Q435744$c978d9b8-4554-c806-276f-934305fded7f,P570,2020-04-30,Q1985727,2020-04-21,https://musicbrainz.org/artist/46957dac-b5ff-40a9-a427-ab53bc414f6e,statement
Q442477,Q442477$F9819B3C-8F8E-4ECF-8D4A-7F22B44C8FF0,P570,2003-04-06,Q1985727,2003-04-07,https://musicbrainz.org/artist/728aa0a2-8a24-45cb-bb2f-9370d4213b25,statement
Q446453,Q446453$F1A408FF-83C8-45BD-9E4B-9739879C3F57,P570,1973-04-29,Q1985727,1972-04-29,https://musicbrainz.org/artist/d290f987-49fb-4bc0-8ceb-f091f0c94a39,statement
Q446453,Q446453$F1A408FF-83C8-45BD-9E4B-9739879C3F57,P570,1973-04-29,Q1985727,1972-04-29,https://musicbrainz.org/artist/d290f987-49fb-4bc0-8ceb-f091f0c94a39,statement
Q4492865,Q4492865$79F319DF-5114-4488-9351-0966D12A241A,P570,1914-01-01,Q1985727,1914-01-06,https://musicbrainz.org/artist/81d8a71d-35b3-4b1c-a857-c0c64ef2f168,statement
Q4505329,Q4505329$595479DB-EA01-4BC4-AB81-BDCD81BD5A21,P570,1909-12-29,Q1985727,1909-12-09,https://musicbrainz.org/artist/64bd9cfd-48b4-4a27-9c1e-04fa52cf4f47,statement
Q4505329,Q4505329$595479DB-EA01-4BC4-AB81-BDCD81BD5A21,P570,1909-12-29,Q1985727,1909-12-09,https://musicbrainz.org/artist/64bd9cfd-48b4-4a27-9c1e-04fa52cf4f47,statement
Q4527142,Q4527142$8E55EEBB-902B-40DD-9CB2-18F70809B24C,P570,1863-06-22,Q1985727,1863-07-22,https://musicbrainz.org/artist/c0ad0409-11a7-4eb4-a006-076838327460,statement
Q4527142,Q4527142$8E55EEBB-902B-40DD-9CB2-18F70809B24C,P570,1863-06-22,Q1985727,1863-07-22,https://musicbrainz.org/artist/c0ad0409-11a7-4eb4-a006-076838327460,statement
Q45830078,Q45830078$EC0CC8E5-6E25-4CBF-8A56-823EF96EDEED,P570,1972-03-07,Q1985727,1972-03-08,https://musicbrainz.org/artist/51614b45-dd09-4bad-b1d8-088011292976,statement
Q45830078,Q45830078$EC0CC8E5-6E25-4CBF-8A56-823EF96EDEED,P570,1972-03-07,Q1985727,1972-03-08,https://musicbrainz.org/artist/51614b45-dd09-4bad-b1d8-088011292976,statement
Q500461,Q500461$B28AB1DF-3F79-4061-86CE-E0D7F13AFA1D,P570,2012-12-04,Q1985727,2012-12-03,https://musicbrainz.org/artist/9e573842-468c-4e8d-8666-5d9260980a37,statement
Q500461,Q500461$B28AB1DF-3F79-4061-86CE-E0D7F13AFA1D,P570,2012-12-04,Q1985727,2012-12-03,https://musicbrainz.org/artist/9e573842-468c-4e8d-8666-5d9260980a37,statement
Q502321,Q502321$6336F1DB-C69F-495B-9917-970E23214918,P570,1771-10-27,Q1985727,1771-10-28,https://musicbrainz.org/artist/d7422261-143e-406e-a6bd-cf456da2b46e,statement
Q521393,Q521393$7A04DE0D-9050-4E54-8C9B-8F5C3A9D4712,P570,2021-00-00,Q1985727,2021-01-19,https://musicbrainz.org/artist/31aa4363-229e-4489-ba55-cda8f173b333,statement
Q524087,Q524087$DA67C62D-8311-4D4E-9FB0-39E8FD0CF6EE,P570,1725-02-06,Q1985727,1725-02-07,https://musicbrainz.org/artist/32d0bddd-1344-4a06-b8bf-f5800349c901,statement
Q528445,Q528445$798397A4-776A-4F5A-ADED-FD78B7EEAD80,P570,1731-00-00,Q1985727,1731-05-01,https://musicbrainz.org/artist/07e3f088-680c-4679-8260-3ee0313b4c9c,statement
Q5348216,Q5348216$FC93342A-B6F5-49D8-90F7-A52882DDA668,P570,2010-01-01,Q1985727,2010-08-07,https://musicbrainz.org/artist/3c7b5d7b-ca4b-42e2-b0e6-d9561f4ba080,statement
Q5348216,Q5348216$FC93342A-B6F5-49D8-90F7-A52882DDA668,P570,2010-01-01,Q1985727,2010-08-07,https://musicbrainz.org/artist/3c7b5d7b-ca4b-42e2-b0e6-d9561f4ba080,statement
Q544286,Q544286$6B3421AF-30E6-4C13-9B6C-794AC4C12FFB,P570,2022-00-00,Q1985727,2022-03-10,https://musicbrainz.org/artist/1650b2d6-8264-4df1-993f-9b26ec5e401d,statement
Q546086,Q546086$4F0EDE1A-6BC4-47CE-B72D-0D521B2930FA,P570,1717-11-02,Q1985727,1704-11-02,https://musicbrainz.org/artist/9086f685-07a8-4428-8f3d-845c916bc08a,statement
Q546086,Q546086$4F0EDE1A-6BC4-47CE-B72D-0D521B2930FA,P570,1717-11-02,Q1985727,1704-11-02,https://musicbrainz.org/artist/9086f685-07a8-4428-8f3d-845c916bc08a,statement
Q551526,Q551526$1FE9EB2D-5007-4235-BB02-99D1294DF2F5,P570,1788-06-26,Q1985727,1788-06-28,https://musicbrainz.org/artist/5b163ef1-dc2a-47ae-ad96-060b429b2680,statement
Q551526,Q551526$1FE9EB2D-5007-4235-BB02-99D1294DF2F5,P570,1788-06-26,Q1985727,1788-06-28,https://musicbrainz.org/artist/5b163ef1-dc2a-47ae-ad96-060b429b2680,statement
Q5564902,Q5564902$E65BE58D-1441-45A2-9D22-4373C699816C,P570,2017,Q1985727,2023,https://musicbrainz.org/artist/d878af1c-653c-4b3c-9fb8-89364bfd51cd,statement
Q560129,Q560129$D37BB2AC-B24F-4DF6-A0C6-19CBAE68E33B,P570,1990-04-12,Q1985727,1990-04-13,https://musicbrainz.org/artist/12a47f47-ddef-4a20-94dd-8e11895eeeca,statement
Q564195,Q564195$5B440822-68FA-468B-97AE-D166B43DAA89,P570,1763-02-17,Q1985727,1763-02-07,https://musicbrainz.org/artist/c8183cb7-73aa-4ed7-a5b6-5379627324ad,statement
Q567071,q567071$9A01C10E-D5CD-4783-BB26-4AE7B392BD6A,P570,1663-07-24,Q1985727,1663-07-27,https://musicbrainz.org/artist/b1543aac-9332-451b-9d88-f083db8f61c5,statement
Q57387,Q57387$174e0aba-40c3-34ee-ac43-fed88056bbd6,P570,2023-07-28,Q1985727,2023-07-26,https://musicbrainz.org/artist/6072cff6-a6da-46af-bfed-19815dd9d8ee,statement
Q5740867,Q5740867$0B5BA390-ED58-4C33-97ED-34C5BC19125A,P570,1912-02-15,Q1985727,1912-02-05,https://musicbrainz.org/artist/f2344c51-2481-4ea9-9d64-47cb4b109860,statement
Q59524449,Q59524449$D1179A26-62BB-486F-A801-576811846244,P570,2003-01-01,Q1985727,2003-11-06,https://musicbrainz.org/artist/d7ef2edb-4fd2-4b14-8be7-4c6913e9e8cf,statement
Q59530090,Q59530090$874EE04B-B9AB-4494-ABDD-8DEC30F7F3AE,P570,2015-01-01,Q1985727,2015-01-09,https://musicbrainz.org/artist/82b64113-88cd-4f8c-86a1-580246327c2c,statement
Q60455,q60455$2719FB88-7D5E-4F1E-A5B3-06449DD6CF5B,P570,2011-09-17,Q1985727,2011-09-18,https://musicbrainz.org/artist/facf8205-3294-4073-a85f-02097c8791fd,statement
Q61080,Q61080$BB90B063-59B4-4D72-9936-05B9F40D7C18,P570,1998-07-23,Q1985727,1998-07-22,https://musicbrainz.org/artist/fd1ad2b5-93bd-4bf2-b416-324b5d33e41d,statement
Q61080,Q61080$BB90B063-59B4-4D72-9936-05B9F40D7C18,P570,1998-07-23,Q1985727,1998-07-22,https://musicbrainz.org/artist/fd1ad2b5-93bd-4bf2-b416-324b5d33e41d,statement
Q6120433,Q6120433$5DCF48C0-84EE-4F3B-99D0-BA45835CB943,P570,1908-01-01,Q1985727,1908-05-17,https://musicbrainz.org/artist/d079d78b-32bd-405c-a340-a1e221aee1f5,statement
Q61627,Q61627$D3B83A2A-37E8-4B4E-9A72-96C79B1CCCC5,P570,1984-02-22,Q1985727,1984-02-24,https://musicbrainz.org/artist/a0fddbb8-f0b0-4035-b9e6-61f88aeb805f,statement
Q61627,Q61627$D3B83A2A-37E8-4B4E-9A72-96C79B1CCCC5,P570,1984-02-22,Q1985727,1984-02-24,https://musicbrainz.org/artist/a0fddbb8-f0b0-4035-b9e6-61f88aeb805f,statement
Q61627,Q61627$D3B83A2A-37E8-4B4E-9A72-96C79B1CCCC5,P570,1984-02-22,Q1985727,1984-02-24,https://musicbrainz.org/artist/a0fddbb8-f0b0-4035-b9e6-61f88aeb805f,statement
Q6168363,Q6168363$b945607d-4351-938b-665c-d12fac2b6dc4,P570,1945-00-00,Q1985727,1945-07-10,https://musicbrainz.org/artist/95b9f535-7afa-4008-bef7-4f7e1f87cfc3,statement
Q61934,Q61934$161EB493-D90B-43C0-9E7B-703B9FAF65FD,P570,1302-11-17,Q1985727,1301-11-17,https://musicbrainz.org/artist/4b612e92-7c6b-47c4-8703-73b3175ff27c,statement
Q61934,Q61934$161EB493-D90B-43C0-9E7B-703B9FAF65FD,P570,1302-11-17,Q1985727,1301-11-17,https://musicbrainz.org/artist/4b612e92-7c6b-47c4-8703-73b3175ff27c,statement
Q64949,q64949$A256D3B2-730B-4F6E-86F9-C8914E4A7FD1,P570,1998-04-03,Q1985727,1998-04-02,https://musicbrainz.org/artist/51443a2a-8af9-42fe-ad45-e992b924d254,statement
Q65133,Q65133$F5CD6FA8-970A-4595-BAEC-0295978496BA,P570,1662-05-17,Q1985727,1662-05-11,https://musicbrainz.org/artist/782ec77e-942d-484e-91bb-c0887f25f48d,statement
Q65601,Q65601$40851B4C-CF8D-44BC-99FE-076723C43B8B,P570,1546,Q1985727,1541,https://musicbrainz.org/artist/16fcb4fc-e881-4a96-9576-83c752795d05,statement
Q662100,Q662100$48F36546-672C-4C98-BF9C-DF07DA54745B,P570,1705-00-00,Q1985727,1705-04-17,https://musicbrainz.org/artist/0f9b9943-347f-4ea2-90e2-4fb78a2158c5,statement
Q67013,Q67013$D71A580C-7ACD-413F-9813-B8DE7B7959BA,P570,1964-10-27,Q1985727,1964-10-26,https://musicbrainz.org/artist/b76fbc5c-9612-4755-b028-41a4295856f7,statement
Q67013,Q67013$D71A580C-7ACD-413F-9813-B8DE7B7959BA,P570,1964-10-27,Q1985727,1964-10-26,https://musicbrainz.org/artist/b76fbc5c-9612-4755-b028-41a4295856f7,statement
Q6701343,Q6701343$B4FB7842-9C35-4882-9D14-69AEF7618B90,P570,1970-01-01,Q1985727,1970-04-27,https://musicbrainz.org/artist/bd110cb4-1b0d-4be8-9f8f-9ef8f44908e6,statement
Q67425,Q67425$8339AFBD-DE31-459D-A343-FFED03625560,P570,1927-01-01,Q1985727,1927-10-31,https://musicbrainz.org/artist/9756c9ac-c757-4486-bd80-f462569a2cab,statement
Q67449,Q67449$52E5CB32-727B-49F4-A6F1-6470E9700479,P570,1982-06-27,Q1985727,1982-06-26,https://musicbrainz.org/artist/007dafde-f79e-4248-8c40-1efce910d53e,statement
Q68057,q68057$56775771-9461-470E-9201-09A51660534E,P570,1989-05-20,Q1985727,1989-05-19,https://musicbrainz.org/artist/ea3d8cf5-b722-48f2-8531-e7391c74d412,statement
Q68057,q68057$56775771-9461-470E-9201-09A51660534E,P570,1989-05-20,Q1985727,1989-05-19,https://musicbrainz.org/artist/ea3d8cf5-b722-48f2-8531-e7391c74d412,statement
Q68346,Q68346$0C3B67D6-D247-448E-9522-1E010286ECBA,P570,1958-03-13,Q1985727,1958-03-15,https://musicbrainz.org/artist/2fcd4949-ad1a-410e-a5bd-f8bf00ab1ff9,statement
Q68499,Q68499$24245FEF-26B9-473C-A011-D9EB25E801AD,P570,1190-05-13,Q1985727,1190-05-06,https://musicbrainz.org/artist/2bcce8d9-3489-4ef8-ac9c-5052145d38c0,statement
Q686557,Q686557$CAEEF5BF-6E05-4727-A28D-5EE5E023CF1D,P570,1724-06-24,Q1985727,1724-06-22,https://musicbrainz.org/artist/ebda242b-ec34-4f55-9e84-a6bb3e96507b,statement
Q688930,Q688930$B401E8DF-F755-4B54-93BC-A6F672FE0021,P570,2010-11-30,Q1985727,2010-11-29,https://musicbrainz.org/artist/293ee83a-6bfa-4a01-be6a-5b9d7442dd4f,statement
Q688930,Q688930$B401E8DF-F755-4B54-93BC-A6F672FE0021,P570,2010-11-30,Q1985727,2010-11-29,https://musicbrainz.org/artist/293ee83a-6bfa-4a01-be6a-5b9d7442dd4f,statement
Q694529,Q694529$2A0E3055-881A-4268-9295-AA20AB02E2FA,P570,1983-02-20,Q1985727,1983-03-20,https://musicbrainz.org/artist/4716ede2-fe51-4cc9-a667-3a0fd7e6085b,statement
Q70011,Q70011$4F2C65D5-3C09-41B7-B438-7DC4CF65622B,P570,2001-04-19,Q1985727,2001-04-18,https://musicbrainz.org/artist/23a74ec7-3b7a-4027-8e4d-594cc0625a23,statement
Q70282,q70282$71BEDEBB-B7D9-4C72-AF94-657C9FE49F07,P570,2007-10-28,Q1985727,2007-10-29,https://musicbrainz.org/artist/80e2560a-d1a8-4af9-910a-52b4e721dd0f,statement
Q704174,Q704174$15EF60C2-E29C-477B-83F8-F59CD23D56B5,P570,1780-01-01,Q1985727,1780-02-01,https://musicbrainz.org/artist/4701e8aa-4222-44ab-b59b-d85c6b92c34d,statement
Q706203,Q706203$9AAE4E96-4802-4B7B-80EE-C26A3330E2FC,P570,1608-10-02,Q1985727,1608-10-26,https://musicbrainz.org/artist/ac2d602b-4d96-4003-a4ca-fa8f2659dcfd,statement
Q70862,Q70862$39E996A9-E9D1-4EE9-9936-A577FD3E6E4F,P570,1965-11-22,Q1985727,1965-11-02,https://musicbrainz.org/artist/f8d499c1-5a32-41e3-86bc-83af52bc2a30,statement
Q70862,Q70862$39E996A9-E9D1-4EE9-9936-A577FD3E6E4F,P570,1965-11-22,Q1985727,1965-11-02,https://musicbrainz.org/artist/f8d499c1-5a32-41e3-86bc-83af52bc2a30,statement
Q70968,Q70968$3612412C-9826-422F-B541-C482C8C73DF2,P570,1572,Q1985727,1575,https://musicbrainz.org/artist/9cb2c35a-a91e-4e4f-8561-4b9f1e313a50,statement
Q71706,Q71706$845D2101-8DC6-4E85-AA07-8125F97785CB,P570,1561-05-15,Q1985727,1561-05-03,https://musicbrainz.org/artist/8b149b02-d9df-40db-a1c6-ed28abd0e496,statement
Q71706,Q71706$845D2101-8DC6-4E85-AA07-8125F97785CB,P570,1561-05-15,Q1985727,1561-05-03,https://musicbrainz.org/artist/8b149b02-d9df-40db-a1c6-ed28abd0e496,statement
Q71706,Q71706$845D2101-8DC6-4E85-AA07-8125F97785CB,P570,1561-05-15,Q1985727,1561-05-03,https://musicbrainz.org/artist/8b149b02-d9df-40db-a1c6-ed28abd0e496,statement
Q72947,Q72947$771735FD-E116-4D92-AFA8-6EEB63B9003D,P570,1984-11-21,Q1985727,1984-11-23,https://musicbrainz.org/artist/083b2b61-e663-49f1-a7df-4ab30f19caf0,statement
Q73781,Q73781$EFFBFB67-18A9-4256-B53C-4CE133C2787E,P570,1973-04-30,Q1985727,1973-04-20,https://musicbrainz.org/artist/59a49b36-6a2c-4906-a143-9e9c4290e64a,statement
Q73802,q73802$CBA65A73-9E13-42E7-ABE5-63DA4ABD1E2F,P570,2000-06-09,Q1985727,2000-05-09,https://musicbrainz.org/artist/ab4bc54a-54f8-400e-9f69-c4c5aebe9225,statement
Q75233,Q75233$A170F2AB-543B-4016-886F-20740DE6EE49,P570,1965-12-05,Q1985727,1965-12-04,https://musicbrainz.org/artist/ff765af0-a735-4264-aa91-7c7f120034a2,statement
Q76107,Q76107$0F058B2F-3B5F-4FD3-B124-A797AFDEC53C,P570,1870-03-21,Q1985727,1870-05-21,https://musicbrainz.org/artist/1fda38dc-b59a-4211-9007-f01dae807047,statement
Q761161,Q761161$C476196B-D970-4C95-8875-BFAD01E266F0,P570,1980-01-01,Q1985727,1980-06-16,https://musicbrainz.org/artist/f9fa67ce-b8b8-4fb8-a48c-7d2612b13c01,statement
Q76218,Q76218$622C4AB4-7E15-4240-B1CF-B5EAF804D885,P570,1955-01-01,Q1985727,1955-04-18,https://musicbrainz.org/artist/3f908ffa-d099-4d95-a177-3add425c3ea3,statement
Q76548,Q76548$481CAE33-B324-44DB-A97A-0697BF171307,P570,1328-01-01,Q1985727,1328-01-28,https://musicbrainz.org/artist/9d04fb78-6d49-42e2-b30b-8da46d07326d,statement
Q76853,Q76853$9131466C-C3AC-4ABB-8FEC-F3D0D8B8A7BA,P570,1974-04-30,Q1985727,1974-04-20,https://musicbrainz.org/artist/379da139-1cba-4353-a967-799201938c4c,statement
Q76853,Q76853$9131466C-C3AC-4ABB-8FEC-F3D0D8B8A7BA,P570,1974-04-30,Q1985727,1974-04-20,https://musicbrainz.org/artist/379da139-1cba-4353-a967-799201938c4c,statement
Q77283,Q77283$4950EDBD-2112-45A0-B0A6-B1BD47DB853D,P570,1635-08-09,Q1985727,1635-08-07,https://musicbrainz.org/artist/96fb8bcc-cb4c-4730-af07-3409e147190b,statement
Q77368,Q77368$BCC56A3D-3F1E-45C1-B01B-4D902127CBFB,P570,1712-08-14,Q1985727,1712-08-07,https://musicbrainz.org/artist/8fe37bfe-e3a7-4ca4-aae3-7c9af042c2df,statement
Q77492,q77492$4917D013-D382-4BA1-9759-6E985EFC9C07,P570,1894-04-05,Q1985727,1984-04-05,https://musicbrainz.org/artist/7aaca871-2aa7-4394-a428-346b99f83b17,statement
Q78246,Q78246$0D5955E0-D9AB-4D62-8D2D-3FDED753A2BE,P570,1843-06-24,Q1985727,1843-06-25,https://musicbrainz.org/artist/7ffeb123-4eb0-4c1a-b84c-33176ceb11ed,statement
Q78246,Q78246$0D5955E0-D9AB-4D62-8D2D-3FDED753A2BE,P570,1843-06-24,Q1985727,1843-06-25,https://musicbrainz.org/artist/7ffeb123-4eb0-4c1a-b84c-33176ceb11ed,statement
Q78246,Q78246$0D5955E0-D9AB-4D62-8D2D-3FDED753A2BE,P570,1843-06-24,Q1985727,1843-06-25,https://musicbrainz.org/artist/7ffeb123-4eb0-4c1a-b84c-33176ceb11ed,statement
Q8115416,Q8115416$0EBAE98E-679A-415F-8C11-8077BB2B4EF7,P570,1964-01-01,Q1985727,1964-01-09,https://musicbrainz.org/artist/2ca97712-ca28-44b0-b1e9-f5d67cfdc67d,statement
Q816510,Q816510$775A5D21-8972-4B4D-B29B-175B75B0ACA3,P570,2019-02-21,Q1985727,2019-02-22,https://musicbrainz.org/artist/22cf728c-cfa9-4e57-bbd6-045bb1ef0fbb,statement
Q873859,Q873859$193B6EB3-0DE7-4582-A4B6-1163C0F9B648,P570,1735-02-24,Q1985727,1735-03-24,https://musicbrainz.org/artist/74e5f338-69e6-4909-919e-3447586c3164,statement
Q87612,q87612$CA4300FB-24BE-4353-8A88-AA2AF186544E,P570,1992-10-03,Q1985727,1992-10-23,https://musicbrainz.org/artist/706712fe-c521-463d-9980-da07244e5245,statement
Q88296,Q88296$C9E7B1BE-37DC-4678-932A-C3E1CAEDCC8E,P570,1974-10-02,Q1985727,1974-10-03,https://musicbrainz.org/artist/ecf7afb9-b023-4a0b-abe5-2a15d06718ef,statement
Q88869,Q88869$2C3117DB-1F03-4947-B85C-AA8A15A8079B,P570,2004-01-01,Q1985727,2004-02-14,https://musicbrainz.org/artist/ca5615ac-6827-48c0-90b6-4018c362d29f,statement
Q896638,Q896638$48E1AFE8-D458-4A90-B87A-45C4A6673A31,P570,1932-06-20,Q1985727,1932-01-20,https://musicbrainz.org/artist/732d9dd9-e57e-44bf-b87f-eaeb396d5da6,statement
Q896694,Q896694$7250F7EB-2E6A-4523-8CF1-86609C5294A7,P570,1988-07-12,Q1985727,1988-06-12,https://musicbrainz.org/artist/6f45d29d-36ac-46ba-b3e6-1337e13b91ca,statement
Q90057,Q90057$c0484bd2-4928-865a-c0d8-68b9555b03c9,P570,2024-02-10,Q1985727,2024-02-13,https://musicbrainz.org/artist/e097dda2-beb8-48f2-b6c1-3f2ea1a0f94c,statement
Q90717,Q90717$F59DFDE2-9BF7-4B85-A67B-3B97E067F9F4,P570,1977-12-22,Q1985727,1977-12-02,https://musicbrainz.org/artist/a08f9e54-af9a-4fb7-8602-5f9515582d78,statement
Q90717,Q90717$F59DFDE2-9BF7-4B85-A67B-3B97E067F9F4,P570,1977-12-22,Q1985727,1977-12-02,https://musicbrainz.org/artist/a08f9e54-af9a-4fb7-8602-5f9515582d78,statement
Q90722,Q90722$DFC2645F-6ADC-4374-AC15-B9E05CF94676,P570,1976-06-21,Q1985727,1976-07-21,https://musicbrainz.org/artist/2813b833-626b-414d-a92c-a1bd86f6df47,statement
Q90722,Q90722$DFC2645F-6ADC-4374-AC15-B9E05CF94676,P570,1976-06-21,Q1985727,1976-07-21,https://musicbrainz.org/artist/2813b833-626b-414d-a92c-a1bd86f6df47,statement
Q90887,Q90887$79C3C41B-C352-414E-AB30-D5ABADC16035,P570,1988-01-01,Q1985727,1988-05-31,https://musicbrainz.org/artist/0fa1dca7-76e6-4dc5-9a7b-3eb3634af0b1,statement
Q91019,Q91019$B85D670F-E6B8-485C-8DE8-AB1CEFD01341,P570,1978,Q1985727,1988,https://musicbrainz.org/artist/9fa12fc2-e1c1-441c-b4d7-2ec8e3d9d387,statement
Q91232,Q91232$6B8B97C8-2B58-4C58-BB21-B39F7A3BABB2,P570,1988-01-01,Q1985727,1988-03-17,https://musicbrainz.org/artist/601513b5-d738-4f48-992f-528b1063399e,statement
Q916847,Q916847$8B07B8BD-3915-4161-9011-6542E50E3404,P570,1931-01-11,Q1985727,1931-01-10,https://musicbrainz.org/artist/c3e0c775-0b5f-4b93-8c67-47d4c156546e,statement
Q91791,Q91791$7e37d127-3933-4146-a335-fcdebd73c624,P570,2019-04-19,Q1985727,2019-04-20,https://musicbrainz.org/artist/a605195a-bd5c-484a-934a-6f3c9c07f646,statement
Q92064,Q92064$5B9E1863-9104-418F-99D7-13809CECB6C5,P570,1717-04-03,Q1985727,1716-04-13,https://musicbrainz.org/artist/6b49122d-8bca-44d0-9552-ff0b10a9f635,statement
Q92213,Q92213$8ED7098C-D632-4DC8-BFDA-C379C507B61A,P570,1608-12-29,Q1985727,1608-12-19,https://musicbrainz.org/artist/53d8767e-80a5-4c94-bc49-913f529ecd02,statement
Q92448,Q92448$4CB06747-0DDC-4743-B217-4AA6D8790607,P570,1618-01-01,Q1985727,1618-01-18,https://musicbrainz.org/artist/bb5fb935-7744-415a-9490-bc09f027a453,statement
Q92458,Q92458$3923F501-D1C1-4621-A4AB-0A31110D9610,P570,1681-01-01,Q1985727,1681-06-27,https://musicbrainz.org/artist/088ee7a4-2c68-49eb-b0fd-46cd092387fc,statement
Q92467,Q92467$2D8659FA-F1E0-4CEB-98DD-58A1B5E42445,P570,1890-01-01,Q1985727,1890-11-09,https://musicbrainz.org/artist/ac2322aa-cafb-4168-8620-c034a7e65dfb,statement
Q94935144,Q94935144$3180ACE5-171A-49AD-833B-49CB65EAFAE4,P570,2018-00-00,Q1985727,2018-03-11,https://musicbrainz.org/artist/14a24656-5df4-4e1a-81b3-5093bbcf4a23,statement
Q96224,Q96224$D7D6F121-CCD7-4ABF-99D7-66F3922CD050,P570,1967-04-27,Q1985727,1967-04-22,https://musicbrainz.org/artist/aa44dd33-08fd-4989-81ac-b671fc91206a,statement
Q96324,Q96324$6cdb93d5-432c-676a-47eb-aabb81e0cf4a,P570,2016-03-16,Q1985727,2016-03-17,https://musicbrainz.org/artist/757bdef7-83be-4ad5-91a1-1ed8bb4fad82,statement
Q96847,Q96847$73E9E995-30C3-4B6F-8414-8725CEF4F64C,P570,1959-01-01,Q1985727,1959-04-13,https://musicbrainz.org/artist/187a0c88-8dc0-4fbe-882b-7526a6239cb8,statement
Q96923,q96923$9EB106F9-8E60-4F87-AB15-F4D5E1BFF592,P570,2003-06-15,Q1985727,2003-06-14,https://musicbrainz.org/artist/e1f52e5b-7f77-4d5d-b6bb-58f60c5e92ef,statement
Q96923,q96923$9EB106F9-8E60-4F87-AB15-F4D5E1BFF592,P570,2003-06-15,Q1985727,2003-06-14,https://musicbrainz.org/artist/e1f52e5b-7f77-4d5d-b6bb-58f60c5e92ef,statement
Q97025,Q97025$9D2050D9-1ABD-46BB-AB42-DD84FBA6CA25,P570,1889-01-01,Q1985727,1889-12-15,https://musicbrainz.org/artist/93d1a670-feb2-4fe2-b65c-de1b7e09dca9,statement
Q973747,Q973747$67BA3CAD-BFC8-42F6-9A09-596BDDC79098,P570,1970-08-06,Q1985727,1970-08-07,https://musicbrainz.org/artist/0b27b87a-d52c-4020-9a8a-7c8933ff01e9,statement
Q97397,Q97397$d7a13a50-4fc5-b69b-126a-472a368e3a7e,P570,2014-03-16,Q1985727,2014-03-17,https://musicbrainz.org/artist/3fea61c3-0571-4648-93e0-1b821578b728,statement
Q97397,Q97397$d7a13a50-4fc5-b69b-126a-472a368e3a7e,P570,2014-03-16,Q1985727,2014-03-17,https://musicbrainz.org/artist/3fea61c3-0571-4648-93e0-1b821578b728,statement
Q97489,Q97489$E1DCB054-3C30-40E1-9796-9907EB22EDBE,P570,2023-01-19,Q1985727,2023-01-18,https://musicbrainz.org/artist/955eb761-5e36-4613-a773-73bfdff843dc,statement
Q98052,Q98052$35336274-3371-43CD-88D4-0B5D0596FAB9,P570,2013-01-01,Q1985727,2013-09-19,https://musicbrainz.org/artist/f697cc54-a7c9-4fe3-a1b7-c0e7c7190dbf,statement
Q98052,Q98052$35336274-3371-43CD-88D4-0B5D0596FAB9,P570,2013-01-01,Q1985727,2013-09-19,https://musicbrainz.org/artist/f697cc54-a7c9-4fe3-a1b7-c0e7c7190dbf,statement
Q98121,Q98121$38A84C5E-B2E7-4FAE-9239-1732D3D70C33,P570,1961-01-01,Q1985727,1961-04-28,https://musicbrainz.org/artist/c9bdb6e2-0d0d-4b72-acf7-3f979efc1f28,statement
Q98224,Q98224$8A34A394-1F91-4A3C-A6F8-A0465E8649C7,P570,1955-12-21,Q1985727,1955-12-22,https://musicbrainz.org/artist/77147136-bbd4-4c3f-afdb-b025e77c3638,statement
Q98224,Q98224$8A34A394-1F91-4A3C-A6F8-A0465E8649C7,P570,1955-12-21,Q1985727,1955-12-22,https://musicbrainz.org/artist/77147136-bbd4-4c3f-afdb-b025e77c3638,statement
Q98273,Q98273$5B8CA8E6-753F-4014-8D26-D0AA0A71A9FF,P570,2016-07-07,Q1985727,2016-07-16,https://musicbrainz.org/artist/17756fa3-c126-42ec-a771-71f84593179e,statement
Q98297,Q98297$C93471FB-A188-4B87-A372-84ED3A877D9C,P570,1683-08-10,Q1985727,1683-10-08,https://musicbrainz.org/artist/91a6d63a-eb56-4b93-8eea-c3bc969cd242,statement
Q98455,Q98455$35EEF636-1D78-4178-B0DE-265091611D9D,P570,1813-01-01,Q1985727,1813-05-27,https://musicbrainz.org/artist/9338a860-34fd-4e29-aa0d-031afe43eb05,statement
Q98776,Q98776$60400B3D-585E-4D0F-9A1D-372F707FF111,P570,1995-01-01,Q1985727,1995-04-09,https://musicbrainz.org/artist/6b96792b-5063-4e2b-a0ce-22a676cc2e10,statement
Q99394,Q99394$11C6D275-67F0-43F7-B7BE-72ABDA1A6607,P570,1833-05-03,Q1985727,1833-03-03,https://musicbrainz.org/artist/3e72114c-a1d6-4429-9fb0-d17b3ed811c9,statement
Q99960837,Q99960837$10435719-2b1c-4faf-9c9a-5a84455b2184,P570,2020-09-27,Q1985727,2020-09-28,https://musicbrainz.org/artist/3ff6495b-d5f6-44ef-98b9-1b5440edbf73,statement
